การเบิก,ลักษณะงาน,ประเภท,หมวดงาน,ชื่ออุปกรณ์,ขนาด,หน่วย,เบิกออก,จำนวนที่รับเข้า,หมายเหตุ,   รับ,,วันที,จำนวน,ผู้เบิก,จำนวนที่เบิกทีเหลือ,,รับใหม่,จำนวน,รวมเก่าใหม่,   เหลือ,,,,,,,เหลือ,,,,,,
ซื้องานตรง,งาน Submers.pump,PVC,น้ำ,ข้อต่อเกลียวในแหวนทองเหลือง PVC สีฟ้า ขนาด 1นิ้ว,1,EA,,200,,,1,,,,,,,,,,,,,,,,,,,,,,
ซื้องานตรง,งาน Submers.pump,PVC,น้ำ,ข้องอเกลียวในทองเหลือง PVC สีฟ้า ขนาด 1นิ้ว,1,EA,,20,,,1,,,,,,,,,,,,,,,,,,,,,,
ซื้องานตรง,งาน Submers.pump,PVC,น้ำ,ท๋อ PVC_ขนาด 1 นิ้วแบบท่อปลายธรรมดาสีฟ้า,,EA,,300,,,1,,,,,,,,,,,,,,,,,,,,,,
ซื้องานตรง,งาน Submers.pump,PVC,น้ำ,ข้อต่อตรง pvc ขนาด 1นิ้ว,,EA,,50,,,1,,,,,,,,,,,,,,,,,,,,,,
ซื้องานตรง,งาน Submers.pump,PVC,น้ำ,ข้อต่อเกลียวนอก pvc ขนาด 1นิ้ว,,EA,,200,,,1,,,,,,,,,,,,,,,,,,,,,,
ซื้องานตรง,งาน Submers.pump,เครื่องใช้ไฟฟ้า,น้ำ,อินเวอเตอร์ 12 V 1500  W,,EA,,1,,  ,1,,,,,,,,,,,,,,,,,,,,,,
ซื้องานตรง,งาน Submers.pump,เชือก,น้ำ,เชือกใยยักษ์ ขนาด 6 มม.,,EA,,1,,,1,,,,,,,,,,,,,,,,,,,,,,
ซื้องานตรง,งาน Submers.pump,เชือก,น้ำ,เชือกใยยักษ์ ขนาด 9 มม.,,EA,,2,,,1,,,,,,,,,,,,,,,,,,,,,,
ซื้องานตรง,งาน Submers.pump,เชือก,น้ำ,เชีอกใยยักษ์ขนาด 6 มม.ความยาว 200 ม.,,EA,1,3,,,1,,,,,,,,,,,,,,,,,,,,,,
ซื้องานตรง,งาน Submers.pump,เทป,น้ำ,เทปพันเกลียวความยาว 10 เมตร,,EA,1,49,,,1,,,,,,,,,,,,,,,,,,,,,,
ซื้องานตรง,งาน Submers.pump,เหล็ก,น้ำ,นิปเปิ้นเหล็กขนาด 1¼ นิ้ว,1¼,EA,,10,,,1,,,,,,,,,,,,,,,,,,,,,,
ซื้องานตรง,งาน Submers.pump,เหล็ก,น้ำ,นิปเปิ้นเหล็กขนาด 1  นิ้ว,1,EA,,20,,,1,,,,,,,,,,,,,,,,,,,,,,
ซื้องานตรง,งาน Submers.pump,เหล็ก,น้ำ,ข้อลดเหลี่ยมเกลียวนอก ขนาด 1¼ นิ้วเป็นเกลียวใน 1นิ้ว,1¼,EA,,10,,,1,,,,,,,,,,,,,,,,,,,,,,
ซื้องานตรง,งาน Submers.pump,เหล็ก,น้ำ,เข็มรัดท่อเหล็กขนาด 2 นิ้ว,,EA,5,25,,,1,,,,,,,,,,,,,,,,,,,,,,
ซื้องานตรง,งาน Submers.pump,เหล็ก,น้ำ,ท่อเหล็กกัลวาไนช์ขนาด 2 นิ้ว,,EA,,45,,,1,,,,,,,,,,,,,,,,,,,,,,
ซื้องานตรง,งาน Submers.pump,เหล็ก,น้ำ,ยูแคล้มป์,,EA,,58,,,1,,,,,,,,,,,,,,,,,,,,,,
ซื้องานตรง,งาน Submers.pump,ทองเหลือง,น้ำ,เช็ควาล์วทองเหลืองขนาด 2 นิ้ว,,EA,,12,,รับ25/10/66,,,,,,,,,,,,,,,,,,,,,,,
ซื้องานตรง,งาน Submers.pump,ทองเหลือง,น้ำ,เช็ควาล์วสปริงทองเหลือง york ขนาด 1¼ นิ้ว,1¼,EA,,10,,,1,,,,,,,,,,,,,,,,,,,,,,
ซื้องานตรง,งาน Submers.pump,สแตนเลส,น้ำ,สเกสแตนเลสรูปทรง Dm 6x36-38 alal 304,,EA,,40,,,1,,,,,,,,,,,,,,,,,,,,,,
เบิกคลัง,งาน Submers.pump,อุปกรณ์ไฟฟ้า,น้ำ,"แบตเตอร์รี่ ขนาด 12 V,100 A",,EA,,1,,,3,25/9/1966,2,สมบูญ,2,,,,,,,,,,,,,,,,,,
เบิกคลัง,งาน Submers.pump,อุปกรณ์ไฟฟ้า,น้ำ,"แบตเตอร์รี่ ขนาด 12 V,60 A",,EA,,7,,,3,,,,,,,,,,,,,,,,,,,,,,
ซื้องานตรง,งาน Submers.pump,อุปกรณ์ไฟฟ้า,น้ำ,กล่องควบคุมมาพร้อมกับปั๊มมาใหม่ 10 ตัว,,SE,,10,,,1,,,,,,,,,,,,,,,,,,,,,,
ซื้องานตรง,งาน Submers.pump,อุปกรณ์ไฟฟ้า,น้ำ,หัวขันขั้วแบตเตอร์รี่,,EA,,42,,,1,,,,,,,,,,,,,,,,,,,,,,
ซื้องานตรง,งาน Submers.pump,อุปกรณ์ไฟฟ้า,น้ำ,แผงโซล๋าเซลล์   540 W,,EA,,2,,,1,ช่างมีนเบิกมาใช้ในออฟิต,,,,,,,,,,,,,,,,,,,,,
ซื้องานตรง,งาน Submers.pump,อุปกรณ์ไฟฟ้า,น้ำ,แผงโซล๋าเซลล์   300 W,,EA,,1,,,1,,,,,,,,,,,,,,,,,,,,,,
ซื้องานตรง,งาน Submers.pump,อุปกรณ์ไฟฟ้า,น้ำ,สายไฟ   VCT 3*2.5 =100 เมตร,,EA,,1,,,1,,,,,,,,,,,,,,,,,,,,,,
ซื้องานตรง,งาน Submers.pump,อุปกรณ์ไฟฟ้า,น้ำ,สายไฟ   VCT 3*1.5 =100 เมตร,,EA,,13,,,1,,,,,,,,,,,,,,,,,,,,,,
ซื้องานตรง,งาน Submers.pump,อุปกรณ์ไฟฟ้า,น้ำ,สายไฟ VCT 4 core (ขนาด 4x1.5 mm.) ความยาว 100 ม.,,EA,1,11,,,1,,,,,,,,,,,,,,,,,,,,,,
ซื้องานตรง,งาน Submers.pump,อุปกรณ์ไฟฟ้า,น้ำ,สายไฟ VCT 3 core (ขนาด 3x2.5 mm.) ความยาว 100 ม.,,EA,,12,,,1,,,,,,,,,,,,,,,,,,,,,,
ซื้องานตรง,งาน Submers.pump,อุปกรณ์ไฟฟ้า,น้ำ,ตู้คอนโทนพลาสติก ABS มีหลังคา และกันน้ำแบบฝาทึบ ขนาด (ก*ส*ล) 350*510*180 มม.,,EA,,15,,,1,,,,,,,,,,,,,,,,,,,,,,
ซื้องานตรง,งาน Submers.pump,อุปกรณ์ไฟฟ้า,น้ำ,สายไฟโซล่าร์เชล์ ขนาด 4 sg.mm สีดำ,,M,,1000,,,1,,,,,,,,,,,,,,,,,,,,,,
ซื้องานตรง,งาน Submers.pump,อุปกรณ์ไฟฟ้า,น้ำ,ข้อต่อแผงโซล่าร์ตัวผู้ตัวเมีย mc 4 connector male&female,,PR,,100,,,1,,,,,,,,,,,,,,,,,,,,,,
ซื้องานตรง,งาน Submers.pump,อุปกรณ์ไฟฟ้า,น้ำ,สายขนานสำหรับแผ่งโซล่าร์เซลล์ 2แผ่งแบบตัววายพร้อมหัวต่อ mc 4,,PR,1,29,,,1,,,,,,,,,,,,,,,,,,,,,,
ซื้องานตรง,งาน Submers.pump,อุปกรณ์ไฟฟ้า,น้ำ,Breaker กันดูด-ซ็อต ขนาด 250 vac 20 Amp,,EA,,15,,,1,,,,,,,,,,,,,,,,,,,,,,
ซื้องานตรง,งาน Submers.pump,อุปกรณ์ไฟฟ้า,น้ำ,ตู้คอนโทนพลาสติก ABS มีหลังคา และกันน้ำแบบฝาใส,,EA,,10,,,1,,,,,,,,,,,,,,,,,,,,,,
ซื้องานตรง,งาน Submers.pump,อุปกรณ์ไฟฟ้า,น้ำ,MPPT Solar Charge Controller ตัวควบคุมแผงโซล่าเซลล์,,        SE,,20,,,1,,,,,,,,,,,,,,,,,,,,,,
ซื้องานตรง,งาน Submers.pump,อุปกรณ์ไฟฟ้า,น้ำ,LiTHIUM BATTERY ยี่ห้อ KATZUN 48 V.,,EA,,20,,,1,,,,,,,,,,,,,,,,,,,,,,
ซื้องานตรง,งาน Submsres.pump,PVC,น้ำ,ท่อทึบ PVC สีฟ้า Class 13.5 แบบธรรมดา  ขนาด 1 นิ้ว,1,      EA,,280,,,1,12/10/1966,5,   แต็ก,295,,16/10/1966,5,แต็ก,290,7/11/1966,10,280,,,,,,,,,,
ซื้องานตรง,งาน Submsres.pump,PVC,น้ำ,ข้อต่อตรง PVC สีฟ้า ขนาด 1 นิ้ว  ,1,EA,,70,,,1,,,,,,,,,,,,,,,,,,,,,,
ซื้องานตรง,งาน Submsres.pump,PVC,น้ำ,ข้อต่อเกลียวใน PVC สีฟ้า ขนาด 1 นิ้ว       ,1,EA,2,45,,,1,7/12/1966,10,สมบุญ,49,,,,,,,,,,,,,,,,,,
ซื้องานตรง,งาน Submsres.pump,PVC,น้ำ,ข้อต่อเกลียวนอก PVC สีฟ้า ขนาด 1 นิ้ว       ,1,EA,2,40,,,1,8/11/1966,10,สมบุญ,42,,,,,,,,,,,,,,,,,,
ซื้องานตรง,งาน Submsres.pump,PVC,น้ำ,ข้อต่อเกลียวใน PVC สีฟ้า ขนาด ¾ นิ้ว, ¾,EA,,35,,,1,,,,,,,,,,,,,,,,,,,,,,
ซื้องานตรง,งาน Submsres.pump,PVC,น้ำ,ข้อต่อเกลียวนอก PVC สีฟ้า ขนาด ¾ นิ้ว, ¾,EA,,42,,,1,,,,,,,,,,,,,,,,,,,,,,
ซื้องานตรง,งาน Submsres.pump,PVC,น้ำ,ข้อต่อเกลียวในทองเหลือง PVC สีฟ้า ขนาด ¾ นิ้ว, ¾,EA,,7,,,1,,,,,,,,,,,,,,,,,,,,,,
ซื้องานตรง,งาน Submsres.pump,PVC,น้ำ,ข้อต่อตรงเกลียวนอก PVC สีฟ้า ขนาด ½ นิ้ว, ½,EA,,20,,,1,,,,,,,,,,,,,,,,,,,,,,
ซื้องานตรง,งาน Submsres.pump,PVC,น้ำ,ข้อต่อตรงเกลียวใน PVC สีฟ้า ขนาด ½ นิ้ว, ½,EA,,20,,,1,,,,,,,,,,,,,,,,,,,,,,
ซื้องานตรง,งาน Submsres.pump,PVC,น้ำ,ข้อต่อเกลียวนอก PVC สีฟ้า ขนาด 2 นิ้ว,,EA,,5,, ,1,,,,,,,,,,,,,,,,,,,,,,
ซื้องานตรง,งาน Submsres.pump,PVC,น้ำ,ข้อต่อเกลียวใน PVC สีฟ้า ขนาด 2 นิ้ว,,EA,,5,,,1,,,,,,,,,,,,,,,,,,,,,,
ซื้องานตรง,งาน Submsres.pump,เหล็ก,น้ำ,ข้อต่อตรง ขนาด 1 นิ้ว    ,1,EA,,19,,,1,,,,,,,,,,,,,,,,,,,,,,
ซื้องานตรง,งาน Submsres.pump,เหล็ก,น้ำ,ข้อต่อตรง ขนาด ¾ นิ้ว  ,¾,EA,,5,,,1,5/10/1966,2,สมบูญ,58,,,,,,,,,,,,,,,,,,
ซื้องานตรง,งาน Submsres.pump,เหล็ก,น้ำ,นิปเปิ้น ขนาด 2 นิ้ว   ,2,EA,,6,,,1,,,,,,,,,,,,,,,,,,,,,,
ซื้องานตรง,งาน Submsres.pump,เหล็ก,น้ำ,นิปเปิ้น ขนาด 1½ นิ้ว,1½,EA,,6,,,1,,,,,,,,,,,,,,,,,,,,,,
ซื้องานตรง,งาน Submsres.pump,เหล็ก,น้ำ,นิปเปิ้น ขนาด 1 นิ้ว ,1,EA,,16,,,1,,,,,,,,,,,,,,,,,,,,,,
ซื้องานตรง,งาน Submsres.pump,เหล็ก,น้ำ,ข้อต่อตรง ขนาด 2 นิ้ว,2,EA,,14,,,1,,,,,,,,,,,,,,,,,,,,,,
ซื้องานตรง,งาน Submsres.pump,เหล็ก,น้ำ,นิปเปิ้น ขนาด 1 นิ้ว **ข้อต่อตรงกัลวาไนท์ 1 นิ้วเกลี้ยวนอก**,,EA,,14,,,1,,,,,,,,,,,,,,,,,,,,,,
ซื้องานตรง,งาน Submsres.pump,เหล็ก,น้ำ,ข้อลดเหลี่ยมเกลียวนอก ขนาด 1 นิ้วเป็นขนาด ¾ นิ้ว,,EA,,1,,,1,,,,,,,,,,,,,,,,,,,,,,
ซื้องานตรง,งาน Submsres.pump,เหล็ก,น้ำ,ข้อลดเหลี่ยมเกลียวนอก ขนาด 1 นิ้วเป็นขนาด ½ นิ้ว,,EA,,5,,,1,,,,,,,,,,,,,,,,,,,,,,
ซื้องานตรง,งาน Submsres.pump,เหล็ก,น้ำ,ข้องอ ขนาด  นิ้ว   **ข้อต่อตรงกัลวาไนท์ 90 องศา**,,EA,,5,,,1,,,,,,,,,,,,,,,,,,,,,,
ซื้องานตรง,งาน Submsres.pump,เหล็ก,น้ำ,ข้อลดเหลี่ยมเกลียวนอก ขนาด 2 นิ้วเป็นขนาด ¾ นิ้ว,,EA,,2,,,1,,,,,,,,,,,,,,,,,,,,,,
ซื้องานตรง,งาน Submsres.pump,เหล็ก,น้ำ,ข้อลดเหลี่ยมเกลียวนอก ขนาด 2 นิ้วเป็นขนาด ½ นิ้ว,,EA,,2,,,1,,,,,,,,,,,,,,,,,,,,,,
ซื้องานตรง,งาน Submsres.pump,เหล็ก,น้ำ,ข้อลดเหลี่ยมเกลียวนอก ขนาด 1½ นิ้วเป็นขนาด 1 นิ้ว,,EA,,2,,,1,,,,,,,,,,,,,,,,,,,,,,
ซื้องานตรง,งาน Submsres.pump,เหล็ก,น้ำ,ข้อลดเหลี่ยมเกลียวนอก ขนาด 1 นิ้วเป็นขนาด ¾ นิ้ว,,EA,,2,,,1,,,,,,,,,,,,,,,,,,,,,,
ซื้องานตรง,งาน Submsres.pump,เหล็ก,น้ำ,จังเกิ้ลสแตนเลส,,EA,,2,,,1,,,,,,,,,,,,,,,,,,,,,,
ซื้องานตรง,งาน Submsres.pump,เหล็ก,"น้ำ,ตรวจวัด",เข็มขัดรัดท่อ ขนาด 2 นิ้ว ,,EA,,5,,,1,,,,,,,,,,,,,,,,,,,,,,
ซื้องานตรง,งาน Submsres.pump,เหล็ก,"น้ำ,ตรวจวัด",เข็มขัดรัดท่อ ขนาด 1½ นิ้ว ,,EA,,20,,,1,,,,,,,,,,,,,,,,,,,,,,
ซื้องานตรง,งาน Submsres.pump,ทองเหลือง,น้ำ,เช็ควาล์วสปริงทองเหลืองขนาด ½ นิ้ว,,EA,,1,,,1,,,,,,,,,,,,,,,,,,,,,,
ซื้องานตรง,งาน Submsres.pump,ทองเหลือง,น้ำ,เช็ควาล์วสปริงทองเหลืองขนาด ¾ นิ้ว,,EA,,1,,,1,,,,,,,,,,,,,,,,,,,,,,
ซื้องานตรง,งาน Submsres.pump,ทองเหลือง,น้ำ,เช็ควาล์วสปริงทองเหลืองขนาด 1 นิ้ว,,EA,,2,,,1,,,,,,,,,,,,,,,,,,,,,,
ซื้องานตรง,งาน Submsres.pump,ทองเหลือง,น้ำ,เช็ควาล์วสปริงทองเหลืองขนาด 1½ นิ้ว,,EA,,3,,,1,,,,,,,,,,,,,,,,,,,,,,
ซื้องานตรง,งาน Submsres.pump,ทองเหลือง,น้ำ,เช็ควาล์วสปริงทองเหลืองขนาด 2 นิ้ว,,EA,,2,,,1,,,,,,,,,,,,,,,,,,,,,,
ซื้องานตรง/เบิกคลัง,งาน Submsres.pump,พลาสติก,"น้ำ,ตรวจวัด",Cable ties # 7-101 MM           ,,PK,,10,,,3,,,,,,,,,,,,,,,,,,,,,,
ซื้องานตรง/เบิกคลัง,งาน Submsres.pump,พลาสติก,"น้ำ,ตรวจวัด",Cable ties # 776 MM   X(CW)90MM       ,,PK,,5,,,3,,,,,,,,,,,,,,,,,,,,,,
ซื้องานตรง,งานตรวจวัดข้อมูลการเคลื่อนตัว,เครื่องมือวัด,ตรวจวัด,สายวัดข้อมูล Inclinometer,,EA,,1,,,1,,,,,,,,,,,,,,,,,,,,,,
ซื้องานตรง,งานตรวจวัดข้อมูลการเคลื่อนตัว,เครื่องมือวัด,ตรวจวัด,สายวัด Dummy Probe,,EA,,1,,,1,,,,,,,,,,,,,,,,,,,,,,
ซื้องานตรง,งานตรวจวัดข้อมูลการเคลื่อนตัว,เครื่องมือวัด,ตรวจวัด,สายวัดน้ำอินคายโนมิเตอร์,,EA,,1,,,1,,,,,,,,,,,,,,,,,,,,,,
ซื้องานตรง,งานตรวจวัดข้อมูลน้ำ,เครื่องมือวัด,น้ำ,สายวัดน้ำ100 เมตร,,EA,,1,,ล่าสุด9/10/66,,,,,,,,,,,,,,,,,,,,,,,
ซื้องานตรง,งานตรวจวัดข้อมูลน้ำ,เครื่องมือวัด,น้ำ,สายวัดน้ำ200 เมตร,,EA,,1,,,1,,,,,,,,,,,,,,,,,,,,,,
ซื้องานตรง,งานตรวจวัดข้อมูลน้ำ,เครื่องมือวัด,น้ำ,กล่องแดง,,EA,,2,,,1,,,,,,,,,,,,,,,,,,,,,,
สั่งทำ,งานติดตั้ง Weir,เหล็ก,น้ำ,Weir สามเหลี่ยม,,,1,2,,,1,,,,,,,,,,,,,,,,,,,,,,
สั่งทำ,งานติดตั้ง Weir,เหล็ก,น้ำ,Weir สี่เหลี่ยม,,,,7,,,1,,,,,,,,,,,,,,,,,,,,,,
ซื้องานตรง,"งานติดตั้งเครื่องมือ HD,ST-pipe",PVC,น้ำ,ท่อเซาะร่อง PVC สีเทา Class เทียบเท่า 13.5 แบบปลายบาน ขนาด 4 นิ้ว,4,      EA,,136,รับ05/3/67  =100,เก่า 36,1,,,,,,,,,,,,,,,,,,,,,,
ซื้องานตรง,"งานติดตั้งเครื่องมือ HD,ST-pipe",PVC,น้ำ,ท่อทึบ PVC สีเทา Class เทียบเท่า 13.5 แบบปลายบาน ขนาด 4 นิ้ว,4,EA,,145,รับ05/3/67  =100,เก่า 45,1,,,,,,,,,,,,,,,,,,,,,,
ซื้องานตรง,"งานติดตั้งเครื่องมือ HD,ST-pipe",PVC,น้ำ,ข้อต่อตรง PVC สีฟ้า ขนาด 2 นิ้ว,2,EA,2,14,,,1,,,,,,,,,,,,,,,,,,,,,,
ซื้องานตรง,"งานติดตั้งเครื่องมือ HD,ST-pipe",PVC,น้ำ,ข้อต่อตรง PVC สีฟ้า ขนาด 4 นิ้ว,4,EA,,12,,,1,5/10/1966,      5 EA,แต้ก,25,,11/10/1966,     1   โน้ง,24,7/11/1966,6,แต็ก,18,,,,,,,,,,
ซื้องานตรง,"งานติดตั้งเครื่องมือ HD,ST-pipe",PVC,น้ำ,ปลั๊กอุด PVC สีฟ้า ขนาด 4 นิ้ว สำหรับใส่ท่อสีเทา,4,EA,,104,รับ05/3/67  =100,เก่า 4,1,,,,,,,,,,,,,,,,,,,,,,
ซื้องานตรง,"งานติดตั้งเครื่องมือ HD,ST-pipe",PVC,น้ำ,ข้องอ PVC สีฟ้า ขนาด 4 นิ้ว,4,EA,,45,,,1,,,,,,,,,,,,,,,,,,,,,,
ซื้องานตรง,"งานติดตั้งเครื่องมือ HD,ST-pipe",PVC,น้ำ,สามทาง PVC สีฟ้า ขนาด 4 นิ้ว,4,EA,,46,,,,,,,,,,,,,,,,,,,,,,,,,
ซื้องานตรง,"งานติดตั้งเครื่องมือ HD,ST-pipe",PVC,น้ำ,ปลั๊กอุด PVC สีฟ้า ขนาด 2 นิ้ว  ,2,EA,,0,,,,,,,,,,,,,,,,,,,,,,,,,
ซื้องานตรง,"งานติดตั้งเครื่องมือ HD,ST-pipe",PVC,น้ำ,ฝาครอบตัวปิดปลายท่อ pvcขนาด2นิ้ว,,EA,1,172,,2/2/67=3,2/2/3=1,7/2/67=1,19/2/67=1,รับ18/3/67=100,,21/3/67=67=1,,25/3/67=3,,,,,,,,,,,,,,,
ซื้องานตรง,"งานติดตั้งเครื่องมือ HD,ST-pipe",PVC,น้ำ,ฝาครอบตัวปิดปลายท่อ pvcขนาด4นิ้ว,,EA,,20,,,,,,,,,,,,,,,,,,,,,,,,,
ซื้องานตรง,"งานติดตั้งเครื่องมือ HD,ST-pipe",PVC,"น้ำ,ตรวจวัด",ท่อทึบ PVC สีฟ้า Class 13.5 แบบปลายบาน ขนาด 2 นิ้ว,2,    EA,6,189,1/2/67=24,2/2/67=2,18/3/67=100,,,,,,,,,,,,,,,,,,,,,,
ซื้องานตรง,"งานติดตั้งเครื่องมือ HD,ST-pipe",PVC,"น้ำ,ตรวจวัด",ท่อเซาะร่อง PVC สีฟ้า Class 13.5 แบบปลายบาน ขนาด 2 นิ้ว,2,    EA,79,121,1/2/67=2,2/2/67=13,18/3/67=100,,,,,,,,,,,,,,,,,,,,,323,
ซื้องานตรง,"งานติดตั้งเครื่องมือ HD,ST-pipe",กาว PVC,น้ำ,น้ำยาประสานท่อ PVC สีเขียว,,EA,,4,,,,,,,,,,,,,,,,,,,,,,,,,
ซื้องานตรง,"งานติดตั้งเครื่องมือ HD,ST-pipe",กาว PVC,น้ำ,น้ำยาประสานท่อ PVC สีแดง,,EA,,10,รับ05/3/67=10,,,,,,,,,,,,,,,,,,,,,,,,
ซื้องานตรง,"งานติดตั้งเครื่องมือ HD,ST-pipe",กาว PVC,น้ำ,กาว Pvc บรรจุ500กรัมชนิดธรรมดา(สีเขียว)แบบมีแปรง,,EA,1,14,รับ05/3/67  =10,เก่า 15,21/3/67=1,,,,,,,,,,,,,,,,,,,,,,
ซื้องานตรง,"งานติดตั้งเครื่องมือ HD,ST-pipe",ผ้าใยสังเคราะห์,น้ำ,ผ้าใยสงเคราะห์ (Textile),,EA,2,2,รับ2/4/67 =2,,1,,,,,,,,,,,,,,,,,,,,,,
ซื้องานตรง,งานติดตั้งเครื่องมือ Inclinometer,PVC-ABS,ตรวจวัด,ท่อ Inclinometer สีขาว,,EA,,70,,,,,,,,,,,329,6/11/1966,2,โน้ง,327,,,,,,,,,,
ซื้องานตรง,งานติดตั้งเครื่องมือ Inclinometer,PVC-ABS,ตรวจวัด,ข้อต่อ Inclinometer สีขาว ,,EA,,100,,,1,,,,,,,,,,,,,,,,,,,,,,
ซื้องานตรง,งานติดตั้งเครื่องมือ Inclinometer,เหล็ก,ตรวจวัด,ตัวยิงรีเวดมี 4 ชำรุด 2,,EA,,1,,,1,,,,,,,,,,,,,,,,,,,,,,
ซื้องานตรง,งานติดตั้งเครื่องมือ Inclinometer,งานซ่อมแซม,"น้ำ,ตรวจวัด",ตัวยิงกาวซิลิโคน,,EA,,11,รับ05/3/10=10,เก่า 1,1,,,,,,,,,,,,,,,,,,,,,,
ซื้องานตรง,งานติดตั้งเครื่องมือ Inclinometer,อุดรอยต่อ แยก ซึม,"น้ำ,ตรวจวัด",ซิลิโคน,,EA,,12,,,1,,,,,,,,,,,,,,,,,,,,,,
ซื้องานตรง,"งานติดตั้งเครื่องมือ Piezometer,ST-pipe",เครื่องมือวัด,"น้ำ,ตรวจวัด",สายวัดระยะก้นหลุม 200 เมตร,,EA,,2,,,1,,,,,,,,,,,,,,,,,,,,,,
ซื้องานตรง,"งานติดตั้งเครื่องมือ Piezometer,ST-pipe",เครื่องมือวัด,"น้ำ,ตรวจวัด",สายวัดระยะก้นหลุม 100 เมตร,,EA,,2,,,1,,,,,,,,,,,,,,,,,,,,,,
ซื้องานตรง,"งานติดตั้งเครื่องมือ Piezometer,ST-pipe",เหล็ก,น้ำ,สกรูเกลียวปล่อยหัว Fขนาด 6x3/8 นิ้ว,,BX,,1,รับ18/3/67=2 `by,,1,,,,,,,,,,,,,,,,,,,,,,
ซื้องานตรง,"งานติดตั้งเครื่องมือ Piezometer,ST-pipe",เหล็ก,น้ำ,สกรูเกลียวปล่อยหัว Fขนาด 6x5/8 นิ้ว,,BX,,1,รับ18/3/67=2 `by,,1,,,,,,,,,,,,,,,,,,,,,,
ซื้องานตรง,"งานติดตั้งเครื่องมือ Piezometer,ST-pipe",เหล็ก,น้ำ,ท่อเหล็กดำแบบเซาะร่องขนาด 2 นิ้ว,,EA,,46,,,1,,,,,,,,,,,,,,,,,,,,,,
ซื้องานตรง,"งานติดตั้งเครื่องมือ Piezometer,ST-pipe",เหล็ก,น้ำ,ท่อเหล็กดำแบบทึบขนาด 2 นิ้ว,,EA,,48,,,1,,,,,,,,,,,,,,,,,,,,,,
ซื้องานตรง,"งานติดตั้งเครื่องมือ Piezometer,ST-pipe",กาวดินน้ำมัน,น้ำ,กาว  Bond all Epoxy,,EA,,6,,,1,,,,,,,,,,,,,,,,,,,,,,
ซื้องานตรง,"งานติดตั้งเครื่องมือ Piezometer,ST-pipe",ทราย,น้ำ,กรวดแม่น้ำคัดขนาด 4-7 มม บรรจุใส่ถุงกระสอบพลาสติกหนาถุงละ 25  กก,,EA,,120,,,1,,,,,,,,,,,,,,,,,,,,,,
เบิกคลัง,"งานติดตั้งเครื่องมือ Piezometer,ST-pipe",สารเคมี,น้ำ,เบนโทไนท์ชนิดผง,,EA,2,7,,19/2/6= 2,20/2/67=5,,,,,,,,,,,,,,,,,,,,,,
ซื้องานตรง,งานติดตั้งการเคลื่อนตัว,เครื่องมือวัด,ตรวจวัด,เครื่องมือวัด Displacement,,EA,,15,,,1,,,,,,,,,,,,,,,,,,,,,,
สั่งทำ,งานติดตั้งการเคลื่อนตัว,เหล็ก,ตรวจวัด,Bolt ยึดหัววัด Displacement,,EA,,16,,,1,,,,,,,,,,,,,,,,,,,,,,
ซื้องานตรง,งานติดตั้งการเคลื่อนตัว ,ท่อใสแข็ง,ตรวจวัด,ท่อหุ้มสาย Shear,,EA,,2,,,1,,,,,,,,,,,,,,,,,,,,,,
เบิกคลัง,งานติตตั้ง Submers.pump,เหล็ก,"น้ำ,ตรวจวัด",แปรงทองเหลือง,,EA,,6,,,1,,,,,,,,,,,,,,,,,,,,,,
ซื้องานตรง,งานติตตั้ง Submers.pump,อุปกรณ์ไฟฟ้า,น้ำ,เซนเชอร์สวิทช์ปั๊มน้ำ,,EA,2,18,4/1/67=2,18/1/67=2,1,,,,,,,,,,,,,,,,,,,,,,
ซื้องานตรง,งานบำรุงรักษาฯ,เครื่องใช้ไฟฟ้า,"น้ำ,ตรวจวัด",เครืองฉีดพ้นล้าง,,EA,,1,,,1,,,,,,,,,,,,,,,,,,,,,,
ซื้องานตรง,งานสนับสนุน,Aluminium,ตรวจวัด,ข้อต่อ Inclinometer สีแดง,,EA,,12,,,1,,,,,,,,,,,,,,,,,,,,,,
ซื้องานตรง,งานสนับสนุน,PVC,น้ำ,ท่อทึบ PVC สีฟ้า Class รวม แบบธรรมดาขนาด 8 นิ้ว,8,EA,,8,,,1,,,,,,,,,,,,,,,,,,,,,,
ซื้องานตรง,งานสนับสนุน,PVC,น้ำ,ท่อทึบ PVC สีฟ้า Class รวม แบบธรรมดา ขนาด 1½ นิ้ว, 1½,EA,,20,,,1,,,,,,,,,,,,,,,,,,,,,,
ซื้องานตรง,งานสนับสนุน,PVC,น้ำ,ข้อต่อตรง PVC สีฟ้า ขนาด 8 นิ้ว,8,EA,,50,,,1,,,,,,,,,,,,,,,,,,,,,,
ซื้องานตรง,งานสนับสนุน,PVC,น้ำ,ข้อต่อตรง PVC สีฟ้า ขนาด 3 นิ้ว,3,EA,,33,,,1,,,,,,,,,,,,,,,,,,,,,,
ซื้องานตรง,งานสนับสนุน,PVC,น้ำ,สามทางสั้น PVC สีฟ้า ขนาด 2 นิ้ว       ,2,EA,,28,,,1,,,,,,,,,,,,,,,,,,,,,,
ซื้องานตรง,งานสนับสนุน,PVC,น้ำ,ปลั๊กอุด PVC สีฟ้า ขนาด  1½ นิ้ว, 1½,EA,,4,,,1,,,,,,,,,,,,,,,,,,,,,,
ซื้องานตรง,งานสนับสนุน,เครื่องใช้ไฟฟ้า,"น้ำ,ตรวจวัด",เครื่องเป่าลม Blower,,EA,,1,,,1,,,,,,,,,,,,,,,,,,,,,,
ซื้องานตรง,งานสนับสนุน,เครื่องใช้ไฟฟ้า,"น้ำ,ตรวจวัด",สว่านไร้สาย,,EA,,1,,,1,,,,,,,,,,,,,,,,,,,,,,
ซื้องานตรง,งานสนับสนุน,เครื่องใช้ไฟฟ้า,"น้ำ,ตรวจวัด",สว่านตัวเล็กสีแดง,,EA,,1,,,1,,,,,,,,,,,,,,,,,,,,,,
ซื้องานตรง,งานสนับสนุน,เครื่องใช้ไฟฟ้า,"น้ำ,ตรวจวัด",สว่านใหญ่แบบกล่อง,,EA,,1,,,1,,,,,,,,,,,,,,,,,,,,,,
ซื้องานตรง,งานสนับสนุน,เครื่องใช้ไฟฟ้า,พัสดุ,พัดลม,,EA,,1,,,1,,,,,,,,,,,,,,,,,,,,,,
ซื้องานตรง,งานสนับสนุน,เครื่องยนต์+ไฟฟ้า,"น้ำ,ตรวจวัด",เครี่องตัดหญ้า,,EA,,1,,,1,,,,,,,,,,,,,,,,,,,,,,
ซื้องานตรง,งานสนับสนุน,เครื่องยนต์+ไฟฟ้า,"น้ำ,ตรวจวัด",เครี่องปั่นไฟ,,EA,,1,,,3,,,,,,,,,,,,,,,,,,,,,,
ซื้องานตรง,งานสนับสนุน,เครื่องยนต์+ไฟฟ้า,"น้ำ,ตรวจวัด",สว่านแท่นเจาะ,,EA,,1,,,3,,,,,,,,,,,,,,,,,,,,,,
ซื้องานตรง,งานสนับสนุน,เจาะเหล็ก,น้ำ,ลูกหมู,,EA,,1,,,3,,,,,,,,,,,,,,,,,,,,,,
เบิกคลัง,งานสนับสนุน,เบ็ดเตล็ด,พัสดุ,สเปรย์อเนอกประสงค์,,EA,,9,,,1,,,,,,,,,,,,,,,,,,,,,,
เบิกคลัง,งานสนับสนุน,เบ็ดเตล็ด,พัสดุ,สเปรย์ไล่ความชื้น,,EA,,2,,,1,,,,,,,,,,,,,,,,,,,,,,
เบิกคลัง,งานสนับสนุน,เบ็ดเตล็ด,พัสดุ,สเปรย์สีแดง,,EA,,6,,,1,,,,,,,,,,,,,,,,,,,,,,
เบิกคลัง,งานสนับสนุน,เบ็ดเตล็ด,พัสดุ,สเปรย์สีดำ,,EA,,7,,,1,,,,,,,,,,,,,,,,,,,,,,
เบิกคลัง,งานสนับสนุน,เบ็ดเตล็ด,พัสดุ,สเปรย์สีขาว,,EA,,6,,,1,,,,,,,,,,,,,,,,,,,,,,
เบิกคลัง,งานสนับสนุน,เบ็ดเตล็ด,พัสดุ,ดอกสว่านเล็ก,,EA,,4,,,1,,,,,,,,,,,,,,,,,,,,,,
เบิกคลัง,งานสนับสนุน,เบ็ดเตล็ด,พัสดุ,ดอกสว่านใหญ่,,EA,,5,,,1,,,,,,,,,,,,,,,,,,,,,,
เบิกคลัง,งานสนับสนุน,เบ็ดเตล็ด,พัสดุ,เทปพันสายไฟ SUPER 33,,EA,1,16,27/3/67=1,,,,,,,,,,,,,,,,,,,,,,,,
เบิกคลัง,งานสนับสนุน,เบ็ดเตล็ด,พัสดุ,เทปกระดาษกาว,,EA,8,32,รับ4/4/67=24,เก่าเหลือ 8,,,,,,,,,,,,,,,,,,,,,,,
เบิกคลัง,งานสนับสนุน,เบ็ดเตล็ด,พัสดุ,โอเทปเหลือง+ดำ+แดง,,EA,1,70,รับ4/4/67=36,เก่าเหลือ 34,1,12/10/1966,1,สมบูญ,24,,,,,,,,,,,,,,,,,,
เบิกคลัง,งานสนับสนุน,เบ็ดเตล็ด,พัสดุ,เทปขาวขุน,,EA,,6,,,1,22/9/1966,     3 EA,โหน้ง,21,5/10/1966,1,สมบุญ,20,,,,,,,,,,,,,,
เบิกคลัง,งานสนับสนุน,เบ็ดเตล็ด,พัสดุ,เสื้อสะท้อนแสงสีส้ม,,EA,,0,,,1,,,,,,,,,,,,,,,,,,,,,,
เบิกคลัง,งานสนับสนุน,เบ็ดเตล็ด,พัสดุ,ใบเลื่อยเหล็ก,,EA,,24,,,1,,,,,,,,,,,,,,,,,,,,,,
เบิกคลัง,งานสนับสนุน,เบ็ดเตล็ด,พัสดุ,แปรงลวด,,EA,,1,,,1,หมด,,,,,,,,,,,,,,,,,,,,,
เบิกคลัง,งานสนับสนุน,เบ็ดเตล็ด,พัสดุ,ตะไบหางหนู,,EA,,1,,,1,,,,,,,,,,,,,,,,,,,,,,
เบิกคลัง,งานสนับสนุน,เบ็ดเตล็ด,พัสดุ,ตะไบสามเหลี่ยม,,EA,,1,,รับ12/10/66,,,,,,,,,,,,,,,,,,,,,,,
เบิกคลัง,งานสนับสนุน,เบ็ดเตล็ด,พัสดุ,ตะไบสีเหลียม,,EA,,1,,รับ12/10/66,,,,,,,,,,,,,,,,,,,,,,,
เบิกคลัง,งานสนับสนุน,เบ็ดเตล็ด,พัสดุ,ตะไบละเอียด,,EA,,1,,รับ12/10/66,,,,,,,,,,,,,,,,,,,,,,,
เบิกคลัง,งานสนับสนุน,เบ็ดเตล็ด,พัสดุ,ตะไบหยาบ,,EA,,1,,รับ12/10/66,,,,,,,,,,,,,,,,,,,,,,,
ซื้องานตรง,งานสนับสนุน,เบ็ดเตล็ด,พัสดุ,เทปกาวสองหน้า,,EA,,2,,,2,,,,,,,,,,,,,,,,,,,,,,
ซื้องานตรง,งานสนับสนุน,เบ็ดเตล็ด,พัสดุ,เทปกั้นเขตพื้นที่อันตราย,,EA,1,2,3/1/67=1,,2,,,,,,,,,,,,,,,,,,,,,,
ซื้องานตรง,งานสนับสนุน,เบ็ดเตล็ด,พัสดุ,หมวกสีส้ม,,EA,,120,,,1,,,,,,,,,,,,,,,,,,,,,,
ซื้องานตรง,งานสนับสนุน,เบ็ดเตล็ด,พัสดุ,ธงสีเหลือง+ดำ,,EA,5,55,16/2/67=5,,1,,,,,,,,,,,,,,,,,,,,,,
ซื้องานตรง,งานสนับสนุน,เบ็ดเตล็ด,พัสดุ,ถังใส่น้ำแข็ง,,EA,,1,,,1,12/10/1966,     1 EA,โหน้ง,6,ลูกจ้างเบิกหมด,,,,,,,,,,,,,,,,,
ซื้องานตรง,งานสนับสนุน,เบ็ดเตล็ด,พัสดุ,ตะไบท้องปลิง,,EA,,1,,,1,,,,,,,,,,,,,,,,,,,,,,
เบิกคลัง,งานสนับสนุน,เหล็ก,"น้ำ,ตรวจวัด",ลวดผูกเหล็ก,,EA,,23,,รับ5/10/66,1,,,,,,,,,,,,,,,,,,,,,,
เบิกคลัง,งานสนับสนุน,เหล็ก,"น้ำ,ตรวจวัด",ตะปูคอนกรีต,,EA,,1,,,1,,,,,,,,,,,,,,,,,,,,,,
ซื้องานตรง,งานสนับสนุน,เหล็ก,"น้ำ,ตรวจวัด",แผ่นหินเจียร,,EA,,1,,,1,,,,,,,,,,,,,,,,,,,,,,
ซื้องานตรง,งานสนับสนุน,เหล็ก,"น้ำ,ตรวจวัด",ชุดบล็อกกล่องดำ,,EA,,1,,,1,,,,,,,,,,,,,,,,,,,,,,
ซื้องานตรง,งานสนับสนุน,ขนย้ายของ,"น้ำ,ตรวจวัด",รถเข็น,,EA,,1,,,1,วันที่ 21/9/66,1,โหน้ง,19,4/10/1966,1,แต็ก,18,,,,,,,,,,,,,,
ซื้องานตรง,งานสนับสนุน,ขุดงัด,"น้ำ,ตรวจวัด",ซะแลงเหล็ก,,EA,,1,,,1,,,,,,,,,,,,,,,,,,,,,,
ซื้องานตรง,งานสนับสนุน,ขุดงัด,"น้ำ,ตรวจวัด",จอบ,,EA,,1,,,1,,,,,,,,,,,,,,,,,,,,,,
ซื้องานตรง,งานสนับสนุน,ขุดงัด,"น้ำ,ตรวจวัด",พลั่ว,,EA,,1,,,1,,,,,,,,,,,,,,,,,,,,,,
ซื้องานตรง,งานสนับสนุน,จับขันท่อ,"น้ำ,ตรวจวัด",ประแจคอม้า  24  นิ้ว,,EA,,1,,,1,,,,,,,,,,,,,,,,,,,,,,
ซื้องานตรง,งานสนับสนุน,จับขันท่อ,"น้ำ,ตรวจวัด",ประแจคอม้า  10  นิ้ว,,EA,,1,,,1,,,,,,,,,,,,,,,,,,,,,,
ซื้องานตรง,งานสนับสนุน,ตีเหล็ก,"น้ำ,ตรวจวัด",ฆ้อนปอนด์,,EA,,1,,,1,,,,,,,,,,,,,,,,,,,,,,
ซื้องานตรง,งานสนับสนุน,ตีเหล็ก,"น้ำ,ตรวจวัด",ฆ้อนหัวแพะ,,EA,,1,,,1,,,,,,,,,,,,,,,,,,,,,,
ซื้องานตรง,งานสนับสนุน,ปีนขึ้นที่สูง,"น้ำ,ตรวจวัด",บันได,,EA,,1,,,1,,,,,,,,,,,,,,,,,,,,,,
ซื้องานตรง,งานสนับสนุน,ผ้ากันแดด,"น้ำ,ตรวจวัด",ร่มสนาม 3 คัน (ชำรุด 1 ใช้ได้  2),,EA,,2,,,1,,,,,,,,,,,,,,,,,,,,,,
ซื้องานตรง,งานสนับสนุน,พลาสติก,น้ำ,กระสอบใส่ข้าวพลาสติกสีขาวกระสอบอย่างหนาใหม่ ขนาด 20x34 นิ้ว,,EA,,90,,,1,,,,,,,,,,,,,,,,,,,,,,
ซื้องานตรง,งานสนับสนุน,พลาสติก,"น้ำ,ตรวจวัด",กระบะปูน,,EA,,2,,,3,,,,,,,,,,,,,,,,,,,,,,
ซื้องานตรง,งานสนับสนุน,พลาสติก,"น้ำ,ตรวจวัด",ถังน้ำใส่ปูน,,EA,,6,,รับ25/10/66,,,,,,,,,,,,,,,,,,,,,,,
ซื้องานตรง,งานสนับสนุน,พลาสติก,"น้ำ,ตรวจวัด",ถังใส่น้ำมัน,,GL,,2,,,3,,,,,,,,,,,,,,,,,,,,,,
ซื้องานตรง,งานสนับสนุน,รัดของ,"น้ำ,ตรวจวัด",สายรัดสีส้ม,,EA,,2,,,3,,,,,,,,,,,,,,,,,,,,,,
ซื้องานตรง,งานสนับสนุน,รัดของ,"น้ำ,ตรวจวัด",สายรัดสีฟ้า,,EA,,1,,,1,11/10/1966,1,โ.น้ง,9,,,,,,,,,,,,,,,,,,
เบิกคลัง,งานสนับสนุน,สารเคมี,"น้ำ,ตรวจวัด",ปูนซีเมนต์ปอร์ตแลนด์,,BG,,15,,รับ14/12/66 =10,1,,,,,,,,,,,,,,,,,,,,,,
เบิกคลัง,งานสนับสนุน,อุปกรณ์ไฟฟ้า,"น้ำ,ตรวจวัด",ปลั๊กพวง,,EA,,1,,,1,,,,,,,,,,,,,,,,,,,,,,
ซื้องานตรง,งานสนับสนุน,อุปกรณ์ไฟฟ้า,น้ำ,แท่งเหล็กตอกฝังดินสำหรับต่อสายดิน,,EA,,24,,รับ5/10/67,,,,,,,,,,,,,,,,,,,,,,,
ซื้องานตรง,งานสนับสนุน,อุปกรณ์ไฟฟ้า,น้ำ,โลสายไฟ,,EA,,1,,รับ1710/66,,,,,,,,,,,,,,,,,,,,,,,
ซื้องานตรง,งานสนับสนุน,อุปกรณ์ไฟฟ้า,"น้ำ,ตรวจวัด",สายพวงแบ็ต,,EA,,1,,,1,4/10/1966,   2 EA,สมบูญ,24,,,,,,,,,,,,,,,,,,
ซื้องานตรง,งานสนับสนุน,อุปกรณ์ไฟฟ้า,"น้ำ,ตรวจวัด",ปลั๊กพวงสนาม,,EA,,1,,,1,,,,,,,,,,,,,,,,,,,,,,
เบิกคลัง,สำนักงาน,PPE,พัสดุ,แว่นตากันแดด,,       EA,,8,,,2,,,,,,,,,,,,,,,,,,,,,,
เบิกคลัง,สำนักงาน,PPE,พัสดุ,ปลั๊กอุดหู,,       EA,,14,,,2,,,,,,,,,,,,,,,,,,,,,,
เบิกคลัง,สำนักงาน,เบ็ดเตล็ด,พัสดุ,ซองจดหมาย,,       EA,,80,,รับ12/10/66,,,,,,,,,,,,,,,,,,,,,,,
เบิกคลัง,สำนักงาน,เบ็ดเตล็ด,พัสดุ,กระดาษสี,,       EA,,5,,รับ12/10/66,,,,,,,,,,,,,,,,,,,,,,,
เบิกคลัง,สำนักงาน,เบ็ดเตล็ด,พัสดุ,กระดาษเอ 4,,BX,,2,,,2,,,,,,,,,,,,,,,,,,,,,,
เบิกคลัง,สำนักงาน,เบ็ดเตล็ด,พัสดุ,ผ้าปิดจมูก 3 M,,BX,1,3,4/12/66 1,,2,,,,,,,,,,,,,,,,,,,,,,
เบิกคลัง,สำนักงาน,เบ็ดเตล็ด,พัสดุ,ถุงมือ,,BG,,1,,,2,,,,,,,,,,,,,,,,,,,,,,
เบิกคลัง,สำนักงาน,เบ็ดเตล็ด,พัสดุ,ผ้าดิบ,,RL,,1,,,2,,,,,,,,,,,,,,,,,,,,,,
เบิกคลัง,สำนักงาน,เบ็ดเตล็ด,พัสดุ,กรวยกระดาษน้ำดืม,,EA,,5,,,2,,,,,,,,,,,,,,,,,,,,,,
เบิกคลัง,สำนักงาน,เบ็ดเตล็ด,พัสดุ,คลิปดำ  2 ขา,,EA,,12,,,2,,,,,,,,,,,,,,,,,,,,,,
เบิกคลัง,สำนักงาน,เบ็ดเตล็ด,พัสดุ,ปากกาเคมี2ปากแหลมและตัดแดง,,EA,2,10,22/1/67=2,,2,,,,,,,,,,,,,,,,,,,,,,
เบิกคลัง,สำนักงาน,เบ็ดเตล็ด,พัสดุ,ปากกาเคมี2ปากแหลมและตัดดำ,,EA,,12,,,2,,,,,,,,,,,,,,,,,,,,,,
เบิกคลัง,สำนักงาน,เบ็ดเตล็ด,พัสดุ,ปากกาเคมี2ปากแหลมและตัดน้ำเงิน,,EA,,12,,,2,,,,,,,,,,,,,,,,,,,,,,
เบิกคลัง,สำนักงาน,เบ็ดเตล็ด,พัสดุ,ปากกาเคมีปากมนสีดำ,,EA,,12,,,2,,,,,,,,,,,,,,,,,,,,,,
เบิกคลัง,สำนักงาน,เบ็ดเตล็ด,พัสดุ,ปากกาเคมีปากมนสีแดง,,EA,,12,,,2,,,,,,,,,,,,,,,,,,,,,,
เบิกคลัง,สำนักงาน,เบ็ดเตล็ด,พัสดุ,ปากกาเคมีปากมนสีน้ำเงิน,,EA,,12,,,2,,,,,,,,,,,,,,,,,,,,,,
เบิกคลัง,สำนักงาน,เบ็ดเตล็ด,พัสดุ,เครื่องเย็บกระดาษ(แม็ก),,EA,,6,,,2,26/9/1966,11,มนตรี,,,,,,,,,,,,,,,,,,,
เบิกคลัง,สำนักงาน,เบ็ดเตล็ด,พัสดุ,ไส้ลวดเย็บกระดาษ(แม็ก),,EA,,12,,,2,26/9/1966,11,มนตรี,,,,,,,,,,,,,,,,,,,
เบิกคลัง,สำนักงาน,เบ็ดเตล็ด,พัสดุ,น้ำยาลบคำผิด,,EA,,2,,,2,,,,,,,,,,,,,,,,,,,,,,
เบิกคลัง,สำนักงาน,เบ็ดเตล็ด,พัสดุ,ใบมีดตัดกระดาษใหญ่,,EA,,20,,,2,,,,,,,,,,,,,,,,,,,,,,
เบิกคลัง,สำนักงาน,เบ็ดเตล็ด,พัสดุ,ลวดเสียบกระดาษ,,BX,,12,,,2,,,,,,,,,,,,,,,,,,,,,,
เบิกคลัง,สำนักงาน,เบ็ดเตล็ด,พัสดุ,คีมถอดลวดเย็บกระดาษ,,EA,,3,,,2,6/10/1966,ใช้สวนกลาง,,5,7/11/1966,หวาน+ฟาอิศ,2,เหลือ3,,,,,,,,,,,,,,
ซื้องานตรง,สำนักงาน,อุปกรณ์ไฟฟ้า,พัสดุ,ถ่านอัลคาไลน์ขนาด AA.15V 4 ก้อน/แพ็ค PANASONIC,,EA,,24,รับของ 4/4/67,,1,,,,,,,,,,,,,,,,,,,,,,
ซื้องานตรง,สำนักงาน,อุปกรณ์ไฟฟ้า,พัสดุ,ถ่านไฟฉายอัลคาไลน์  AAA.1.5V. .LRO3T/8B PANASONTC,,EA,,24,รับของ4/4/67,,1,,,,,,,,,,,,,,,,,,,,,,
ซื้องานตรง,สำนักงาน,อุปกรณ์ไฟฟ้า,พัสดุ,ถ่าน 9 โวลท์,,EA,,0,,,2,,,,,,,,,,,,,,,,,,,,,,
ซื้องานตรง,สำนักงาน,อุปกรณ์ไฟฟ้า,พัสดุ,ถ่านลิเธียม 3.6 โวลท์,,EA,,0,,,2,,,,,,,,,,,,,,,,,,,,,,
เบิกคลัง,งานสนับสนุน,พลาสติก,"น้ำ,ตรวจวัด",กระบอกตองน้ำ,,EA,1,1,ใช้หน้างาน 1,,1,,,,,,,,,,,,,,,,,,,,,,
เบิกคลัง,งานสนับสนุน,พลาสติก,"น้ำ,ตรวจวัด",ขวดน้ำใส่ตัวอย่างใหญ่,,EA,2,17,,,,,,,,,,,,,,,,,,,,,,,,,
เบิกคลัง,งานสนับสนุน,พลาสติก,"น้ำ,ตรวจวัด",ขวดน้ำใส่ตัวอย่างเล็ก,,EA,2,17,,,,,,,,,,,,,,,,,,,,,,,,,
เบิกคลัง,งานสนับสนุน,พลาสติก,"น้ำ,ตรวจวัด",ชุด ReelgdH[  เก็บสายไฟของ Subenersibie Pump แบบเคลื่อนที่,,EA,,15,รับของ13/2/67,,,,,,,,,,,,,,,,,,,,,,,,
เบิกคลัง,งานสนับสนุน,พลาสติก,"น้ำ,ตรวจวัด",ชุด ReelgdH[ เก็บสายไฟของ Subenersibie Pump แบบเคลื่อนที่ชุด Reei,,,,,,,,,,,,,,,,,,,,,,,,,,,,,
เบิกคลัง,งานสนับสนุน,พลาสติก,"น้ำ,ตรวจวัด",    เก็บสายพร้อมโครงเหล็กจำนวน                  ,,EA,,6,รับของ13/2/67,,,,,,,,,,,,,,,,,,,,,,,,
เบิกคลัง,งานสนับสนุน,พลาสติก,"น้ำ,ตรวจวัด",สาย Dropwire,,EA,,,รับของ28/2/67,,,,,,,,,,,,,,,,,,,,,,,,
เบิกคลัง,งานสนับสนุน,พลาสติก,"น้ำ,ตรวจวัด",เครืองวัดระดับน้ำ,,EA,,,รับของ28/2/67,,,,,,,,,,,,,,,,,,,,,,,,
เบิกคลัง,งานสนับสนุน,พลาสติก,"น้ำ,ตรวจวัด",เครืองวัดระดับน้ำ,,EA,,,รับของ28/2/67,,,,,,,,,,,,,,,,,,,,,,,,
เบิกคลัง,งานสนับสนุน,พลาสติก,"น้ำ,ตรวจวัด",Epoxy putty ขนาดบรรจุ 454กรัม/ขุดลักษณะเป็นเรชิ่น 2ส่วน,,EA,,,รับของ12/3/67,,,,,,,,,,,,,,,,,,,,,,,,
เบิกคลัง,งานสนับสนุน,พลาสติก,"น้ำ,ตรวจวัด",สามารถสกัด เจาะ กลึง หรือเลื่อย และทาสีทับได้ทนต่อ กรด ด่าง น้ำมัน และสารระเหย,,,,,,,,,,,,,,,,,,,,,,,,,,,,,
เบิกคลัง,งานสนับสนุน,พลาสติก,"น้ำ,ตรวจวัด",ตัวยิงรีเวด ขนาด 1/8x  5/8 กล่องละ 100 ตัว,,by,,,รับของ 18/03/67,,,,,,,,,,,,,,,,,,,,,,,,
เบิกคลัง,งานสนับสนุน,พลาสติก,"น้ำ,ตรวจวัด",ท่อ Inclinometer สีแดง ,,EA,,,รับของ 1/04/67,,,,,,,,,,,,,,,,,,,,,,,,
เบิกคลัง,งานสนับสนุน,พลาสติก,"น้ำ,ตรวจวัด",ข่อต่อ Inclinometer สีแดง ,,EA,,,รับของ 1/04/67,,,,,,,,,,,,,,,,,,,,,,,,
เบิกคลัง,งานสนับสนุน,พลาสติก,"น้ำ,ตรวจวัด",BOTTM CAP ยีห้อ STSGEO รุ่น OS 131 MABOOT,,EA,,,รับของ 1/04/67,,,,,,,,,,,,,,,,,,,,,,,,
เบิกคลัง,งานสนับสนุน,พลาสติก,"น้ำ,ตรวจวัด",TOPCAP ยีห้อ   STSGEO รุ่น OS13175 600T,,EA,,,รับของ 1/04/67,,,,,,,,,,,,,,,,,,,,,,,,
เบิกคลัง,งานสนับสนุน,,น้ำ,จ้างทำชุดอุปกรณ์ล้างหลุมระบายน้ำแนนนอนพร้อมสายฉีดน้ำลม ทนแรงดันสูง,,,,,,,,,,,,,,,,,,,,,,,,,,,,,
เบิกคลัง,งานสนับสนุน,,น้ำ,100  เมตร + 3 ม้วน - 60 เมตร 1 ม้วน  หัวฉีดล้าง 2 ชุด  1ชุดมี 3หัว,,,,,รับของ 4/4/67,,,,,,,,,,,,,,,,,,,,,,,,
เบิกคลัง,งานสนับสนุน,,น้ำ,ทีตัดเทปใส่ 3/4นิ้ว  ใช้กับแกนเล็ก +แกนใหญ่,,EA,,,รับของ 4/4/67,,,,,,,,,,,,,,,,,,,,,,,,
เบิกคลัง,งานสนับสนุน,,น้ำ,เทปใส่ ขนาด 3/4 นิ้ว/36 หลาแกน 1นิ้ว NUVO ยีห้อ NUVO,,EA,,,รับของ 4/4/67,,,,,,,,,,,,,,,,,,,,,,,,ป
เบิกคลัง,งานสนับสนุน,,น้ำ,VTBRTNO WTRE PTE PTEZOMETERS  350,,EA,,,รับของ 17/4/67,,,,,,,,,,,,,,,,,,,,,,,,
เบิกคลัง,งานสนับสนุน,,น้ำ,VTBRTNO WTRE PTE PTEZOMETERS  700,,EA,,,รับของ 17/4/67,,,,,,,,,,,,,,,,,,,,,,,,
เบิกคลัง,งานสนับสนุน,,น้ำ,VTBRTNO WTRE PTE PTEZOMETERS  1 Mpa,,EA,,,รับของ 17/4/67,,,,,,,,,,,,,,,,,,,,,,,,
เบิกคลัง,งานสนับสนุน,,น้ำ,VTBRTNO WTRE PTE PTEZOMETERS  2 Mpa,,EA,,,รับของ 17/4/67,,,,,,,,,,,,,,,,,,,,,,,,
